{
  "name": "mana-system",
  "title": "Система маны",
  "description": "Добавляет систему маны в Foundry VTT",
  "version": "1.0.3",
  "authors": [
    {
      "name": "Echo",
      "url": "https://your-website.com",
      "email": "your-email@example.com"
    }
  ],
  "minimumCoreVersion": "12",
  "compatibleCoreVersion": "12",
  "system": "dnd5e",
  "esmodules": ["scripts/main.js"],
  "styles": ["styles/main.css"],
  "languages": [
    {
      "lang": "ru",
      "name": "Русский",
      "path": "lang/ru.json"
    }
  ],
  "manifest": "https://kindfulgod.github.io/Mana-Sys-Foundry/module.json",
  "download": "https://kindfulgod.github.io/Mana-Sys-Foundry/Mana-Sys-Foundry.zip"
}